year,tax_year_average,deflator
2009,141.2541667,0.923514044
2010,144.3625,0.943836202
2011,146.8833333,0.960317309
2012,149.3041667,0.97614462
2013,151.1708333,0.988348811
2014,152.9529167,1
